{
	"format_version": "1.8.0",
	"animations": {
		"parry_variation1": {
			"animation_length": 0.4583,
			"bones": {
				"torso": {
					"rotation": {
						"0.0": {
							"vector": [0, 0, 0]
						},
						"0.0833": {
							"vector": [0, -5, 0]
						},
						"0.25": {
							"vector": [0, -5, 0]
						},
						"0.4167": {
							"vector": [0, 0, 0]
						}
					}
				},
				"right_arm": {
					"rotation": {
						"0.0": {
							"vector": [0, 0, 0]
						},
						"0.125": {
							"vector": [-86.23387, -6.49053, 59.78638]
						},
						"0.2917": {
							"vector": [-86.23387, -6.49053, 59.78638]
						},
						"0.4167": {
							"vector": [0, 0, 0]
						}
					}
				},
				"left_arm": {
					"rotation": {
						"0.0": {
							"vector": [0, 0, 0]
						},
						"0.0417": {
							"vector": [2.46207, 0.43399, -9.99067]
						},
						"0.0833": {
							"vector": [2.46207, 0.43399, -9.99067]
						},
						"0.25": {
							"vector": [2.46207, 0.43399, -9.99067]
						},
						"0.4167": {
							"vector": [0, 0, 0]
						}
					},
					"position": {
						"0.0": {
							"vector": [0, 0, 0]
						},
						"0.0833": {
							"vector": [0, 0, 0.5]
						},
						"0.25": {
							"vector": [0, 0, 0.5]
						},
						"0.4167": {
							"vector": [0, 0, 0]
						}
					}
				}
			}
		}
	}
}