{
	"format_version": "1.8.0",
	"animations": {
		"parry_variation3": {
			"animation_length": 0.5,
			"bones": {
				"right_arm": {
					"rotation": {
						"0.0": {
							"vector": [0, 0, 0]
						},
						"0.25": {
							"vector": [-81.48837, -45.48013, 42.79028]
						},
						"0.375": {
							"vector": [-81.48837, -45.48013, 42.79028]
						},
						"0.5": {
							"vector": [0, 0, 0]
						}
					}
				},
				"left_arm": {
					"rotation": {
						"0.0": {
							"vector": [0, 0, 0]
						},
						"0.25": {
							"vector": [-41.76833, -1.76749, 45.02728]
						},
						"0.375": {
							"vector": [-41.76833, -1.76749, 45.02728]
						},
						"0.5": {
							"vector": [0, 0, 0]
						}
					}
				}
			}
		}
	},
	"geckolib_format_version": 2
}